1;-33.822438;151.1941934;St Leonards
2;-33.9139638;151.1536185;Marrickville
3;-33.9061988;151.2024361;Green Square
4;-33.8792403;151.2361365;Edgecliff
5;-33.7715179;150.8450104;Rooty Hill
6;-33.8638146;151.0452428;Lidcombe
7;-33.8648765;151.069948;Flemington
8;-34.1344488;150.9944558;Waterfall
9;-33.9673964;151.1025692;Hurstville
10;-33.8912429;151.248455;Bondi Junction
11;-33.8359746;151.017066;Clyde
12;-33.8175113;151.0054009;Parramatta
13;-33.7235406;150.4147355;Bullaburra
14;-33.7190214;150.4299669;Lawson
15;-33.6964307;150.5350695;Faulconbridge
16;-27.6087887;152.9014958;Goodna
17;-27.6021013;152.9191475;Gailes
18;-27.589173;152.9243501;Wacol
19;-27.4766028;152.9967565;Auchenflower
20;-34.8538588;150.6098027;Bomaderry
21;-27.4290524;153.0404703;Albion
22;-27.4079227;153.0586704;Toombul
23;-27.4182154;153.0578224;Clayfield
24;-33.7242007;151.1217112;Warrawee
25;-33.7099879;151.1042928;Waitara
26;-33.5933637;151.1718582;Cowan
27;-33.4509136;151.3186164;Tascott
28;-33.4461883;151.3284368;Point Clare
29;-33.8484033;151.0856114;Concord West
30;-33.9105924;151.1317928;Hurlstone Park
31;-33.598844;150.7526484;Richmond
32;-33.731822;151.0783865;Thornleigh
33;-33.7379225;151.0725562;Pennant Hills
34;-33.7208458;151.0970511;Normanhurst
35;-33.8950021;150.9388097;Cabramatta
36;-37.8752637;145.1281258;Mount Waverley
37;-37.8736635;145.1122691;Jordanville
38;-37.8768611;145.0691707;East Malvern
39;-37.83454;145.0225689;Heyington
40;-37.7847618;145.3123727;Mooroolbark
41;-37.862047;145.0812907;Ashburton
42;-37.851671;145.0805767;Burwood
43;-37.9149063;144.9965413;Middle Brighton
44;-37.9343919;145.0368952;Moorabbin
45;-37.7805188;144.9993767;Westgarth
46;-37.7698618;144.9952847;Northcote
47;-37.7792103;145.0083669;Dennis
48;-37.7791763;145.0169241;Fairfield
49;-37.7747529;145.0386786;Darebin
50;-37.768844;145.0455919;Ivanhoe
51;-37.7638101;145.0537229;Eaglemont
52;-37.7428013;145.0661769;Rosanna
53;-37.7261787;145.0691029;Macleod
54;-37.7110022;145.083635;Watsonia
55;-37.6733272;145.1588075;Diamond Creek
56;-37.7308117;144.9282131;Pascoe Vale
57;-37.7179979;144.9215272;Oak Park
58;-37.7472086;144.9209611;Glenbervie
59;-37.775316;144.9218467;Ascot Vale
60;-37.7948639;144.9360832;Macaulay
61;-37.7006282;144.958746;Gowrie
62;-35.3194019;149.1493782;Canberra
63;-37.7749186;144.958744;Jewell
64;-37.767691;144.9596104;Brunswick
65;-33.7323074;151.1283777;Turramurra
66;-31.9001853;115.9558721;Success Hill
67;-31.9599043;115.8999547;Burswood
68;-31.980912;115.9112665;Carlisle
69;-32.0073942;115.9387728;Queens Park
70;-32.0137178;115.9451885;Cannington
71;-32.0225935;115.9543732;Beckenham
72;-32.0493729;115.982936;Maddington
73;-32.0712793;115.9996758;Gosnells
74;-32.0847527;116.0111271;Seaforth
75;-32.1378735;116.0104287;Sherwood
76;-32.0295158;115.7518458;North Fremantle
77;-34.334431;150.9147602;Bulli
78;-34.3181745;150.9189104;Thirroul
79;-34.2895651;150.9432304;Coledale
80;-34.242165;150.9774905;Coalcliff
81;-34.6585437;150.8538509;Bombo
82;-37.7829314;144.8014916;Ardeer
83;-30.850382;128.105548;Forrest
84;-30.7095216;152.9130683;Macksville
85;-30.6291508;152.977284;Nambucca Heads
86;-27.5521072;152.9738541;Oxley
87;-32.1131779;116.0132345;Kelmscott
88;-33.76845;150.9074065;Blacktown
89;-33.849302;151.0328106;Auburn
90;-27.4232196;153.0008299;Alderley
91;-31.8308111;115.9285481;Zamia
92;-34.7581583;149.7194547;Goulburn
93;-27.4353436;153.0290659;Windsor
94;-27.436212;153.0191922;Wilston
95;-27.4203274;152.9923929;Enoggera
96;-27.4192412;152.984977;Gaythorne
97;-27.4116762;152.9759985;Mitchelton
98;-27.4045119;152.9691588;Oxford Park
99;-27.4045829;152.9625215;Grovely
100;-27.4015992;152.9354087;Ferny Grove
101;-27.400844;153.0620376;Nundah
102;-27.3929532;153.0692217;Northgate
103;-27.358573;153.0366768;Zillmere
104;-27.3208468;153.0110408;Bald Hills
105;-27.311379;152.9895459;Strathpine
106;-27.2684344;152.982095;Petrie
107;-27.4708987;153.0694657;Morningside
108;-27.5247942;153.0141843;Yeerongpilly
109;-27.5765696;153.0465488;Banoon
110;-27.6381447;153.1037968;Woodridge
111;-27.5356795;153.0139827;Moorooka
112;-27.5447116;153.0141081;Rocklea
113;-32.0204878;115.9192795;Wilson Park
114;-32.0229586;115.9152182;Niana Station
115;-27.439756;153.1661233;Wynnum
116;-27.4451863;153.1701303;Wynnum Central
117;-27.4700879;153.1885347;Lota
118;-27.4943881;153.2417526;Wellington Point
119;-27.5145911;153.2558464;Ormiston
120;-27.5241885;153.2652239;Cleveland
121;-27.6573298;153.1183024;Kingston
122;-27.6707016;153.1379342;Loganlea
123;-34.7095248;150.0062323;Marulan
124;-34.6560329;150.299286;Bundanoon
125;-34.6135927;150.3175143;Exeter
126;-27.2304611;152.9757656;Dakabin
127;-27.2023184;152.9598779;Narangba
128;-27.1624539;152.9572115;Burpengary
129;-27.6074945;152.8048151;Bundamba
130;-34.2045384;150.5718231;Thirlmere
131;-37.8247469;145.0807636;Canterbury
132;-33.3009411;149.1012844;Orange East Fork
133;-27.0829073;152.9537874;Caboolture
134;-27.3467501;153.0679874;Boondall
135;-27.3274352;153.063404;Deagon
136;-27.3269657;153.0801166;Shorncliffe
137;-27.3660617;153.0834123;Nudgee
138;-27.3828324;153.0726715;Bindha
139;-16.925462;145.7710587;Cairns
140;-27.5206427;152.975874;Graceville
141;-27.511992;152.9727635;Chelmer
142;-27.5311213;152.97948;Sherwood
143;-27.4329029;153.0106302;Newmarket
144;-31.0934751;150.9126213;West Tamworth
145;-26.6605331;152.9628291;Woombye
146;-33.6332273;150.2843174;Blackheath
147;-26.1874798;152.6711895;Old Gympie
148;-33.0789946;115.8977106;Harvey
149;-34.4546772;150.8460733;Unanderra
150;-37.2584031;144.4507646;Kyneton
151;-32.7380345;151.5521309;Maitland
152;-33.4711676;150.189709;Top Points
153;-27.1799584;151.2714238;Dalby
154;-37.3545847;145.0264987;Wandong
155;-34.4942325;150.3980743;Burradoo
156;-34.547677;150.3717545;Moss Vale
157;-34.7797114;149.2613016;Gunning
158;-31.5052742;150.6810437;Quirindi
159;-30.8251345;117.4813035;Koorda
160;-30.8252522;117.9917307;Welbungin
161;-30.8109796;117.8599327;Bencubbin
162;-30.3611663;117.1168227;Kalannie
163;-30.5248326;117.1727618;Burakin
164;-30.4906216;116.3607279;Miling
165;-30.5970713;116.7691005;Ballidu
166;-31.9995346;115.5414138;Settlement
167;-32.0073377;115.5169802;Oliver Hill
168;-34.6259063;150.8523824;Minnamurra
169;-34.4270314;150.8881858;Wollongong
170;-34.4121206;150.8914366;North Wollongong
171;-21.3555837;139.8660555;Duchess
172;-37.6951482;144.9158281;Jacana
173;-31.9439495;115.8770742;East Perth
174;-38.3538352;145.1894034;Morradoo
175;-37.3592999;144.5260842;Woodend
176;-37.7146727;144.9605203;Fawkner
177;-30.3594973;153.0975355;Sawtell
178;-33.4664036;151.318514;Koolewong
179;-33.3947187;151.3443981;Narara
180;-33.3831387;151.3545;Niagara Park
181;-33.2854758;151.425225;Wyong
182;-33.3078002;151.4201947;Tuggerah
183;-33.3595346;151.3699367;Ourimbah
184;-42.1168391;145.5277963;Lynchford
185;-20.7356728;143.141495;Richmond
186;-34.2757504;150.9533594;Wombarra
187;-37.8762762;145.149793;Syndal
188;-38.3373754;145.1779381;Bittern Station
189;-33.6735559;150.2806632;Medlow Bath
190;-36.405188;148.4118403;Perisher Valley
191;-26.8569903;152.9583651;Beerwah
192;-27.5949777;152.850542;Riverview
193;-23.3900387;150.5122295;Rockhampton
194;-38.1586761;144.3593889;South Geelong
195;-32.9855414;151.5811047;Fassifern
196;-32.9416524;151.6628275;Cardiff
197;-33.0129364;151.5416169;Awaba
198;-33.1801506;151.4870924;Wyee
199;-34.1832452;150.7102539;Douglas Park
200;-32.744798;151.5873502;East Maitland
201;-38.0815572;145.571552;Nar Nar Goon
202;-16.818485;145.6390891;Kuranda
203;-35.6660001;147.038316;Culcairn
204;-38.1565571;146.7870027;Rosedale
205;-37.9671274;147.0817077;Stratford
206;-27.5675046;153.0359212;Coopers Plains
207;-27.4849488;152.9933157;Toowong
208;-41.6381361;147.9654899;Fingal
209;-31.0587236;151.0561691;Kootingal
210;-32.0468773;150.866996;Scone
211;-30.3252136;149.7920153;Narrabri
212;-26.3432904;152.6740652;Amamoor
213;-33.9337279;151.1819843;Domestic Airport
214;-28.65753;151.9375197;Stanthorpe
215;-33.8724177;150.9570025;Fairfield
216;-35.1293057;138.4962767;Christie Downs
217;-34.3718188;150.5434455;Yerrinbool
218;-26.7371603;150.6248779;Chinchilla
219;-37.4275983;143.382294;Beaufort
220;-37.9175354;145.0369346;Bentleigh
221;-37.9626364;144.4987369;Little River
222;-37.0593212;142.7734227;Stawell
223;-35.5046315;138.7852884;Goolwa
224;-32.1533106;116.0130563;Armadale
225;-31.9968157;115.7609528;Cottesloe
226;-20.7142184;140.5171396;Cloncurry
227;-31.9770638;115.7868832;Showgrounds
228;-37.9336559;145.4395209;Emerald
229;-27.4567001;153.1802938;Manly
230;-31.9209256;116.9627428;Greenhills
231;-37.9208427;145.4051373;Menzies Creek
232;-37.9077204;145.3565824;Belgrave (Puffing Billy)
233;-37.909012;145.3552458;Belgrave
234;-33.871703;151.0942326;Strathfield
235;-31.6906707;115.7380776;Clarkson
236;-37.9521016;145.5495811;Gembrook (Town)
237;-37.9502765;145.5484978;Gembrook (Heritage)
238;-33.8771445;151.1040382;Burwood
239;-31.745117;115.7674623;Joondalup
240;-31.7721376;115.778741;Edgewater
241;-31.7993807;115.7823378;Whitfords
242;-31.818598;115.7832431;Greenwood
243;-31.8448271;115.7963953;Warwick
244;-31.9390124;115.8403245;Leederville
245;-31.9519389;115.8580047;Perth Underground
246;-31.9570924;115.8552188;Elizabeth Quay
247;-35.2559807;149.4463654;Bungendore
248;-33.8071839;150.9726612;Wentworthville
249;-34.1252956;150.7443838;Menangle
250;-33.9682381;151.1244983;Carlton
251;-34.0363125;151.102695;Miranda
252;-34.4780183;150.416713;Bowral
253;-34.4545888;150.876084;Lysaghts
254;-34.4378628;150.8851499;Coniston
255;-34.4671491;150.8782866;Cringila
256;-34.477149;150.9026582;Port Kembla
257;-34.3757279;150.9048557;Corrimal
258;-34.3951767;150.8964479;Fairy Meadow
259;-32.8596865;149.970182;Kandos
260;-36.0531941;144.113284;Pyramid
261;-36.49488;144.6075801;Elmore
262;-32.1253324;115.8583575;Cockburn Central
263;-27.5538617;153.0227655;Salisbury
264;-34.9440713;138.583295;Adelaide Showground
265;-35.0020461;138.566781;Mitchell Park
266;-35.1892478;138.4835071;Seaford
267;-35.1787026;138.487658;Seaford Meadows
268;-34.8815596;138.5232402;Albert Park
269;-34.8903766;138.5150615;Seaton Park
270;-34.8992112;138.5016802;East Grange
271;-34.9002917;138.490817;Grange
272;-38.0067174;145.0875658;Mordialloc
273;-34.9588452;138.5905556;Millswood
274;-32.0472224;115.9522928;Thornlie
275;-35.0251942;138.6143361;Coromandel
276;-35.0113123;138.6232002;Glenalta
277;-35.000725;138.6243137;Pinera
278;-32.0119878;115.7549676;Victoria Street
279;-32.0069488;115.7574017;Mosman Park
280;-31.9870428;115.7647403;Grant Street
281;-31.9827521;115.7706183;Swanbourne
282;-31.9717094;115.791612;Loch Street
283;-31.9683896;115.7962415;Karrakatta
284;-31.959639;115.8054615;Shenton Park
285;-31.9517991;115.8134022;Daglish
286;-31.9446936;115.823993;Subiaco
287;-31.9426816;115.833201;West Leederville
288;-32.052033;115.74527;Fremantle
289;-31.9446801;115.8450538;City West
290;-32.0097373;115.8561307;Canning Bridge
291;-36.6131261;145.240577;Murchison East
292;-32.2349358;115.8426639;Kwinana
293;-16.9930814;145.4212025;Mareeba
294;-37.6876002;144.4368308;Bacchus Marsh
295;-32.2639959;115.8170976;Wellard
296;-32.290152;115.7612755;Rockingham
297;-32.3265299;115.767922;Warnbro
298;-18.1467496;144.3181036;Mount Surprise
299;-18.5139914;144.091694;Einasleigh
300;-37.4168041;145.0052646;Wallan
301;-37.6275995;144.7200075;Diggers Rest
302;-27.2995668;152.9861128;Bray Park
303;-37.5419879;144.9702272;Donnybrook
304;-34.103653;150.7449641;Menangle Park
305;-27.5544169;152.2774829;Gatton
306;-31.8917547;116.0016582;Midland
307;-28.9231675;151.931853;Wallangarra
308;-34.3495876;150.9152056;Woonona
309;-27.0109722;152.945838;Elimbah
310;-31.4560594;152.7365792;Wauchope
311;-30.6130764;130.413374;Cook
312;-37.6640501;145.1817328;Wattle Glen
313;-26.4061896;146.2442055;Charleville
314;-31.9716144;115.9022179;Victoria Park
315;-35.137965;138.8750907;Bugle Ranges
316;-34.6725842;150.8545283;Kiama
317;-32.004669;151.9669701;Gloucester
318;-25.5080341;152.6365206;Maryborough West
319;-25.5383633;152.6997943;Maryborough
320;-34.612969;138.7387246;Gawler Racecourse
321;-32.7509006;151.5937365;Victoria Street
322;-32.126855;116.0125474;Challis
323;-36.7949511;144.2488486;Kangaroo Flat
324;-27.6601814;152.9218282;Springfield
325;-29.7397488;151.7265961;Glen Innes
326;-38.2367583;146.3972259;Morwell
327;-31.5515797;116.4651569;Toodyay
328;-26.6602468;150.1849022;Miles
329;-27.9537893;153.4256045;Sea World Resort
330;-28.6201848;153.0012306;Kyogle
331;-23.5527507;147.7468275;Anakie
332;-16.8367552;145.6435208;Barron Falls
333;-34.7183469;150.0864266;Tallong
334;-35.1203629;147.3685199;Wagga Wagga
335;-33.8744874;151.2222308;Kings Cross
336;-27.5097306;153.0279198;Fairfield
337;-27.4999649;153.0290505;Dutton Park
338;-27.4936653;153.0307399;Park Road
339;-33.808856;151.1851425;Artarmon
340;-33.9349749;151.1658747;International Airport
341;-27.4819333;153.0230021;South Bank
342;-27.4965485;153.0404486;Buranda
343;-33.6136867;150.8110535;Windsor
344;-23.5520901;145.2895581;Barcaldine
345;-38.2074058;146.1549391;Trafalgar
346;-38.203285;146.0634263;Yarragon
347;-33.9405679;151.1006334;Kingsgrove
348;-33.7639932;150.868382;Doonside
349;-33.9621586;151.132574;Kogarah
350;-12.4729475;130.9040298;Darwin
351;-33.8613593;151.2107193;Circular Quay
352;-27.5960538;152.9469027;Richlands
353;-27.6282927;152.3931437;Laidley
354;-37.8224057;145.0458764;Auburn
355;-37.5587442;143.8593693;Ballarat
356;-37.841739;145.2681208;Bayswater
357;-37.860645;145.2848446;Boronia
358;-37.0629409;144.2140579;Castlemaine
359;-37.7295638;144.7938135;Keilor Plains
360;-37.7572829;145.3456774;Lilydale
361;-36.9925227;144.073951;Maldon
362;-37.8025395;144.8914169;Middle Footscray
363;-35.5327245;138.6805146;Port Elliot Station
364;-33.873567;151.2068498;Town Hall
365;-37.6660199;144.9468555;Upfield
366;-37.8926042;145.3076559;Upper Ferntree Gully
367;-37.9344996;145.4914694;Cockatoo
368;-37.3415418;144.1534453;Daylesford
369;-37.8815825;145.2951466;Ferntree Gully
370;-37.8745091;145.0902428;Holmesglen
371;-37.8637978;144.7723486;Laverton
372;-37.72093;144.9613325;Merlynston
373;-34.9771959;138.6086658;Mitcham
374;-37.8118681;145.2502993;Ringwood East
375;-37.9251159;145.0354959;Patterson
376;-37.9380308;145.138256;Westall
377;-27.6885156;153.1587019;Bethania
378;-27.6093284;152.789867;Booval
379;-31.9494024;115.8725124;Claisebrook
380;-27.6981039;153.1709432;Edens Landing
381;-34.7173476;138.6646334;Elizabeth Interchange
382;-34.73112;138.6559362;Elizabeth South
383;-34.6207779;138.7324489;Evanston
384;-27.7095975;153.1875982;Holmview
385;-27.6128766;152.7604193;Ipswich
386;-34.6518111;138.7066802;Kudla
387;-34.6685052;138.6964763;Munno Para
388;-34.6820434;138.6868601;Smithfield Railway Station
389;-34.6285297;138.7259085;Tambelin
390;-34.7043235;138.6700074;Womma
391;-37.6022613;144.9430882;Craigieburn
392;-37.3715671;145.0279517;Heathcote Junction
393;-37.2936602;144.9834297;Kilmore East
394;-37.0244925;145.1385109;Seymour
395;-26.4146327;147.1132804;Morven
396;-37.7291013;144.6505805;Rockbank
397;-34.8581266;138.5184342;Alberton
398;-35.0209553;138.619012;Blackwood
399;-35.0215306;138.519189;Brighton
400;-34.8659954;138.5247636;Cheltenham Railway Station
401;-34.9614472;138.5803984;Clarence Park
402;-34.951625;138.5848925;Goodwood
403;-35.0794295;138.5019052;Hallett Cove Beach
404;-35.066285;138.5056399;Hallett Cove
405;-35.0122882;138.5237052;Hove
406;-35.1091741;138.4915699;Lonsdale
407;-35.0461456;138.5126857;Marino Rocks
408;-35.0422194;138.5173235;Marino
409;-34.9251159;138.5802822;Mile End
410;-35.0094167;138.5411435;Oaklands
411;-34.834726;138.4919544;Peterhead
412;-35.032528;138.5214268;Seacliff
413;-35.0113593;138.533624;Warradale
414;-34.9829041;138.5671974;Woodlands Park
415;-34.9071821;138.5771429;Bowden
416;-34.774909;138.6379378;Chidda
417;-34.8970509;138.5638708;Croydon
418;-34.8349255;138.585587;Dry Creek
419;-34.8849873;138.5833136;Dudley Park
420;-34.7989282;138.6166262;Greenfields
421;-34.869476;138.5804811;Islington Workshops
422;-34.8752954;138.5818054;Islington
423;-34.8595688;138.5783734;Kilburn
424;-34.8861975;138.5496684;Kilkenny
425;-34.803814;138.6122321;Mawson Interchange
426;-34.9061909;138.5816593;North Adelaide
427;-34.7513578;138.6439258;Nurlutta
428;-34.896132;138.5843381;Ovingham
429;-34.7912489;138.6234061;Parafield Gardens
430;-34.7829022;138.6309279;Parafield
431;-34.7631592;138.6424335;Salisbury Interchange
432;-34.891766;138.5569819;West Croydon
433;-34.8814267;138.5434962;Woodville Park
434;-34.8771;138.5377298;Woodville Railway Station
435;-30.945133;127.0378287;Loongana
436;-31.4825039;118.2765001;Merredin
437;-31.2183448;119.3080885;Southern Cross (Grain only)
438;-38.2139994;145.1069582;Moorooduc
439;-38.2298851;145.0502998;Mornington
440;-34.9909208;138.5612243;Ascot Park
441;-31.9517794;115.8663954;McIver
442;-30.455978;117.5296257;Mollerin
443;-38.0272365;145.1021263;Aspendale
444;-38.065449;145.120108;Bonbeach
445;-37.9930643;145.0762768;Parkdale
446;-38.1040134;145.1282259;Seaford
447;-36.369115;144.2311482;Dingee
448;-37.9036086;145.3313506;Upwey
449;-33.5056509;150.2788672;Bell
450;-34.0678648;151.0147301;Engadine
451;-32.5587154;151.6185048;Martins Creek
452;-32.6023813;151.6147157;Paterson
453;-34.672434;150.211908;Penrose
454;-34.6922252;150.1582454;Wingello
455;-32.5270603;115.7466419;Mandurah
456;-26.3662684;152.8571354;Pomona
457;-26.3197524;152.7828872;Traveston
458;-32.4023764;151.7593455;Dungog
459;-34.6086466;138.7397302;Gawler
460;-29.9183823;149.7905716;Bellata
461;-34.6410423;148.0305127;Cootamundra
462;-33.0547734;146.391001;Euabalong West
463;-30.8495922;152.9000699;Eungai
464;-32.9143732;144.311721;Ivanhoe
465;-31.076981;152.8330131;Kempsey
466;-31.6353625;152.7064368;Kendall
467;-32.3893754;142.4246929;Menindee
468;-34.7406248;146.5571174;Narrandera
469;-33.1422183;148.1733131;Parkes
470;-32.8014841;149.078524;Stuart Town
471;-19.5742763;147.3961429;Ayr
472;-17.343229;145.925299;Babinda
473;-23.5860732;148.8835208;Blackwater
474;-20.0217373;148.2057727;Bowen
475;-18.2678956;146.0280166;Cardwell
476;-21.9098812;149.4156144;Carmila
477;-23.7117582;149.6776946;Duaringa
478;-19.5115439;147.1051966;Giru
479;-23.8464223;151.2629467;Gladstone
480;-17.0932614;145.7877521;Gordonvale
481;-27.5479881;152.1231174;Helidon
482;-19.6655343;147.4140617;Home Hill
483;-25.3185319;152.5646052;Howard
484;-18.6465507;146.1649407;Ingham
485;-17.526183;146.0189806;Innisfail
486;-20.6588426;141.7465036;Julia Creek
487;-24.328956;151.563346;Miriam Vale
488;-23.8078725;150.9785984;Mount Larcom
489;-27.4311484;151.7201941;Oakey
490;-20.5256694;145.3979466;Pentland
491;-26.5762158;148.7922747;Roma
492;-20.7703009;145.0194415;Torrens Creek
493;-19.2692248;146.8078173;Townsville
494;-17.9323251;145.9327581;Tully
495;-26.5871364;149.1883446;Wallumbilla
496;-26.6131553;149.3848263;Yuleba
497;-31.3740137;118.8734953;Bodallin
498;-30.8424229;121.1504184;Bonnie Vale
499;-33.2579225;115.8383058;Brunswick Junction
500;-31.3864043;118.4834498;Burracoppin
501;-32.2252534;116.006903;Byford
502;-31.3908712;118.6687359;Carrabin
503;-32.9947937;115.893343;Cookernup
504;-31.6464492;117.2436165;Cunderdin
505;-31.6037234;117.8940576;Doodlakine
506;-31.6491331;116.676404;Northam
507;-31.5296355;118.0808876;Hines Hill
508;-31.6320948;117.7298064;Kellerberrin
509;-30.8282434;119.5142347;Koolyanobbing
510;-31.623775;117.0134891;Meckering
511;-31.3187699;119.0735459;Moorine Rock
512;-32.2946747;115.9866373;Mundijong
513;-32.5178891;115.9686766;North Dandalup
514;-32.36374;115.9761821;Serpentine
515;-31.2149523;119.3105722;Southern Cross Halt
516;-31.6420351;117.4871961;Tammin
517;-32.8453924;115.9203477;Waroona
518;-34.8421722;138.4935248;Glanville
519;-33.8458627;151.2117909;Milsons Point
520;-33.8317125;151.1917276;Wollstonecraft
521;-34.0043476;151.068064;Como
522;-34.0879621;151.0082554;Heathcote
523;-34.1769399;150.9948093;Helensburgh
524;-37.423954;143.8880579;Creswick
525;-33.9708469;151.0811258;Mortdale
526;-33.9661553;151.0891799;Penshurst
527;-33.9696934;151.1145108;Allawah
528;-37.8665999;144.7607254;Aircraft
529;-33.9072863;151.1806702;St Peters
530;-38.0989509;145.7207056;Bunyip
531;-38.3432726;143.5868969;Colac
532;-38.136462;145.8560654;Drouin
533;-38.0983238;144.3654109;North Shore
534;-38.2362597;142.9113957;Terang
535;-38.2401906;143.9837625;Winchelsea
536;-37.7783953;145.0312823;Alphington
537;-37.7335442;144.9628427;Batman
538;-37.9670081;145.0546951;Cheltenham
539;-38.3056058;145.1859934;Hastings
540;-37.8283636;145.244577;Heathmont
541;-37.9484438;145.04188;Highett
542;-37.8832314;144.7010882;Hoppers Crossing
543;-37.7939378;144.9305645;Kensington
544;-37.7776495;144.9930448;Merri
545;-37.765935;144.9192614;Moonee Ponds
546;-37.9048498;145.0026141;North Brighton
547;-37.7168415;145.0069944;Reservoir
548;-37.7830163;144.9921266;Rushall
549;-37.849344;145.0417139;Tooronga
550;-37.799123;144.99443;Victoria Park
551;-31.9127941;115.9360896;Ashfield
552;-31.9037199;115.9469973;Bassendean
553;-31.9181021;115.9125653;Bayswater
554;-32.047092;115.8541087;Bull Creek
555;-31.9807252;115.7814486;Claremont
556;-31.8964484;115.9799914;East Guildford
557;-31.898949;115.9657928;Guildford
558;-32.0363799;115.9697212;Kenwick
559;-31.9283061;115.8917195;Maylands
560;-31.9224573;115.9003007;Meltham
561;-31.9347687;115.8808712;Mount Lawley
562;-31.9870428;115.9159857;Oats Street
563;-31.894558;115.8050873;Stirling
564;-31.995206;115.9235293;Welshpool
565;-31.8915181;115.992868;Woodbridge
566;-34.9980109;138.6329154;Belair
567;-34.6959022;138.6741062;Broadmeadows
568;-34.8143092;138.4989878;Draper
569;-35.0215958;138.5944007;Eden Hills
570;-34.9721908;138.5712085;Edwardstown
571;-34.9665632;138.5738531;Emerson
572;-34.8486625;138.4949694;Ethelton
573;-34.5944504;138.7481357;Gawler Central
574;-34.5951955;138.7409999;Gawler Oval
575;-34.9951802;138.6058719;Lynton
576;-34.7995252;138.4991075;Midlunga
577;-34.7863136;138.4947487;North Haven
578;-34.7930618;138.4992126;Osborne
579;-34.8492274;138.5074096;Port Adelaide
580;-34.8055499;138.4990659;Taperoo
581;-34.9839227;138.6110785;Torrens Park
582;-34.9665601;138.5978512;Unley Park
583;-27.582802;153.0637229;Altandi
584;-27.3745474;153.0774268;Banyo
585;-26.9599338;152.9591884;Beerburrum
586;-27.3470687;153.0288395;Carseldine
587;-27.5980946;153.0795497;Fruitgrove
588;-27.6048157;153.0911787;Kuraby
589;-27.5925791;153.0688031;Runcorn
590;-27.5808267;153.0541119;Sunnybank
591;-26.3345218;152.8229737;Cooran
592;-26.4176809;152.9111931;Cooroy
593;-26.7254121;152.9568508;Eudlo
594;-26.8992079;152.9562394;Glass House Mountains
595;-26.8078971;152.9664042;Landsborough
596;-26.7658274;152.9631605;Mooloolah
597;-26.6254905;152.9580181;Nambour
598;-27.4897559;153.0551958;Coorparoo
599;-27.5390822;152.9801166;Corinda
600;-27.5659207;152.9523917;Darra
601;-27.5962488;152.8334437;Dinmore
602;-27.6033123;152.8221361;Ebbw Vale
603;-27.4489892;153.0326457;Exhibition
604;-27.3686814;153.0472237;Geebung
605;-26.1595375;152.683051;Gympie North
606;-27.4816609;153.0623072;Norman Park
607;-27.3222807;153.0695096;Sandgate
608;-27.3756865;153.0561703;Sunshine
609;-27.6267958;152.6298755;Thagoona
610;-27.3821745;153.0624636;Virginia
611;-27.4198761;153.0434785;Wooloowin
612;-24.8681748;152.3453102;Bundaberg
613;-23.5266103;148.1598361;Emerald
614;-20.4029797;148.5785268;Proserpine
615;-23.6482556;146.6427293;Alpha
616;-23.6018175;146.1257957;Jericho
617;-23.4402889;144.2522031;Longreach
618;-21.1719461;149.1598896;Mackay
619;-26.4871529;147.968536;Mitchell
620;-21.4259904;149.2170838;Sarina
621;-34.3064627;150.9292162;Austinmer
622;-37.604234;144.2253446;Ballan
623;-33.9316025;151.1248844;Bardwell Park
624;-34.362853;150.9100489;Bellambi
625;-34.0453436;151.0513461;Loftus
626;-27.33868;153.0606857;North Boondall
627;-34.2107072;151.0058352;Otford
628;-34.2648807;150.9657789;Scarborough
629;-34.2867688;146.0476999;Griffith
630;-30.9792029;150.2479379;Gunnedah
631;-31.7683707;150.8394107;Murrurundi
632;-33.4838212;150.0317843;Rydal
633;-31.6501627;150.7261047;Willow Tree
634;-33.8876579;151.1258176;Ashfield
635;-33.6886841;151.1080776;Asquith
636;-33.7496341;151.0663891;Beecroft
637;-33.7556798;151.0785604;Cheltenham
638;-33.7998488;151.0873579;Denistone
639;-33.790128;151.0822564;Eastwood
640;-33.7557991;151.1543302;Gordon
641;-33.7118546;150.3112294;Katoomba
642;-33.6531707;151.1368681;Mount Kuring-gai
643;-33.8939113;151.1553735;Petersham
644;-33.9254126;151.0557609;Punchbowl
645;-33.8904591;151.1387232;Summer Hill
646;-33.8070374;151.0902904;West Ryde
647;-33.7436266;150.6096243;Blaxland
648;-34.0636278;150.8143901;Campbelltown
649;-33.6086191;150.7879859;Clarendon
650;-33.6017995;150.7591827;East Richmond
651;-33.7457008;150.6715837;Emu Plains
652;-33.7690298;150.6207349;Glenbrook
653;-33.7239715;150.4544865;Hazelbrook
654;-33.9632164;150.9564652;Holsworthy
655;-33.9971947;150.864903;Ingleburn
656;-33.7582886;150.7200073;Kingswood
657;-34.0349533;151.0719112;Kirrawee
658;-33.7737699;150.6427335;Lapstone
659;-34.0507604;150.8305071;Leumeah
660;-33.7119015;150.3304967;Leura
661;-33.7149196;150.5054626;Linden
662;-33.4804991;150.1574982;Lithgow
663;-34.0719861;150.7971899;Macarthur
664;-33.7461846;150.9001907;Marayong
665;-33.8368127;150.9923283;Merrylands
666;-34.0272394;150.8425751;Minto
667;-33.7695821;150.8201965;Mount Druitt
668;-33.5877951;150.2568026;Mount Victoria
669;-33.6266428;150.8304778;Mulgrave
670;-33.9519026;151.0323311;Padstow
671;-33.8015021;150.9564483;Pendle Hill
672;-34.1790138;150.6126005;Picton
673;-33.7277275;150.8864823;Quakers Hill
674;-33.9525282;151.0149093;Revesby
675;-33.6791159;150.8602876;Riverstone
676;-33.9515059;151.0521177;Riverwood
677;-33.7620964;150.7751572;St Marys
678;-33.9245392;151.1564329;Tempe
679;-33.7874687;150.9514631;Toongabbie
680;-33.9299188;151.1399608;Turrella
681;-33.7044936;150.5838711;Valley Heights
682;-33.6504037;150.8511233;Vineyard
683;-33.7212855;150.6023458;Warrimoo
684;-33.7592193;150.7579395;Werrington
685;-33.9285225;151.1539888;Wolli Creek
686;-33.7354736;150.4821925;Woodford
687;-33.4717816;150.2020156;Zig Zag
688;-32.1668599;150.8919596;Aberdeen
689;-32.9337786;151.7200237;Adamstown
690;-33.6235384;151.1531676;Berowra
691;-33.8933152;151.0240303;Birrong
692;-32.6622131;151.3456985;Branxton
693;-32.9231318;151.7344455;Broadmeadow
694;-33.8872029;150.9436605;Canley Vale
695;-33.8843192;150.9615133;Carramar
696;-33.9722422;150.8930882;Glenfield
697;-33.4234169;151.3417528;Gosford
698;-33.8543165;150.9844864;Guildford
699;-32.9186415;151.7487447;Hamilton
700;-33.8815246;150.9852256;Leightonfield
701;-33.9847895;150.8789007;Macquarie Fields
702;-34.4727652;150.8883402;Port Kembla North
703;-33.8852552;151.0114843;Sefton
704;-33.7175388;151.1169979;Wahroonga
705;-33.2475032;151.4486303;Warnervale
706;-33.9133304;150.9351023;Warwick Farm
707;-33.8380922;151.1976471;Waverton
708;-33.4858799;151.3231381;Woy Woy
709;-33.8659903;151.2058096;Wynyard
710;-33.8646287;150.9711499;Yennora
711;-34.571995;150.8202692;Oak Flats
712;-34.493037;150.791789;Dapto
713;-37.9502592;145.0043868;Sandringham
714;-34.2263801;150.9811154;Stanwell Park
715;-34.3840503;150.9015312;Towradgi
716;-34.470167;150.8175203;Kembla Grange
717;-34.5629223;150.7986248;Albion Park
718;-34.5912175;150.8447759;Shellharbour Junction
719;-33.084068;147.1530992;Condobolin
720;-28.420444;151.0812056;Inglewood
721;-33.4772821;150.220964;Clarence
722;-27.4652725;151.9759678;Spring Bluff
723;-16.8810091;145.7097707;Freshwater
724;-33.7043304;150.8737724;Schofields
725;-27.5572512;151.9518622;Toowoomba
726;-42.8311319;147.2746916;Tasmanian Transport Museum
727;-42.1353312;145.5040376;Hall's Creek
728;-42.1918901;145.36535;Lowana
729;-37.302731;143.7820786;Clunes
730;-38.1987243;144.354996;Marshall
731;-35.8075572;145.5575561;Tocumwal
732;-31.3495167;150.6463773;Werris Creek
733;-33.8835449;150.9994175;Chester Hill
734;-27.2566193;152.9999358;Kallangur
735;-27.2333367;153.0360644;Mango Hill East
736;-27.2523398;153.0116957;Murrumba Downs
737;-22.3510573;149.522795;St Lawrence
738;-34.8274349;138.4910932;Largs
739;-31.1604546;150.8620744;Warral
740;-38.3863794;142.5388551;Sherwood Park
741;-37.2076149;145.0424905;Broadford
742;-36.7655937;144.2829551;Bendigo
743;-33.6987482;150.5639732;Springwood
744;-33.70988;150.3764087;Wentworth Falls
745;-36.4427252;148.4422654;Bullocks Flat Terminal
746;-38.1769245;146.2605683;Moe
747;-14.5146141;132.2536837;Katherine
748;-34.5006396;139.0430013;Angaston
749;-34.2708878;140.5962737;Berri
750;-37.6394222;145.1921478;Hurstbridge
751;-35.5119841;138.7040181;Middleton
752;-31.0086999;125.3323463;Rawlinna
753;-35.4471794;138.7638511;Currency Creek
754;-35.4074036;138.7932039;Black Swamp
755;-35.2612408;138.8920365;Strathalbyn
756;-33.4685285;136.1983143;Darke Peak
757;-38.3287226;143.7833283;Birregurra
758;-32.947972;135.2732875;Yaninee
759;-32.8558636;135.1545014;Minnipa
760;-32.1471718;133.6532506;Thevenard
761;-32.0524844;133.3298253;Charra
762;-32.0618038;133.5481306;Moule
763;-27.4091674;152.9567405;Keperra
764;-22.1378792;117.9714385;Solomon
765;-26.6886909;152.9607632;Palmwoods
766;-32.9023676;151.7312067;Waratah
767;-27.517785;153.016931;Yeronga
768;-27.4452317;153.0375993;Bowen Hills
769;-27.431404;153.0747349;Doomben
770;-34.8707609;138.5297768;St Clair
771;-37.7600098;144.8112444;Ginifer
772;-37.8242309;145.0886628;Chatham
773;-33.6963085;117.5488559;Miniature Train Station
774;-33.5469829;151.2265515;Hawkesbury River
775;-37.8044703;144.9937555;Collingwood
776;-35.2550551;143.3650068;Pira
777;-37.8180929;145.1928003;Mitcham
778;-33.8304008;151.0870609;Rhodes
779;-33.8839739;151.145122;Marion
780;-33.8891648;151.1452623;Taverners Hill
781;-33.879569;151.1472257;Hawthorne
782;-33.8749849;151.1541434;Leichhardt North
783;-36.3105175;140.7773602;Bordertown
784;-26.4804285;152.9550491;Eumundi
785;-36.3319941;141.6537574;Nhill
786;-36.4519658;142.0309255;Dimboola
787;-37.7033398;144.5722479;Melton
788;-37.7152592;145.1214652;Montmorency
789;-37.6658431;145.017276;Lalor
790;-37.6804981;145.0142881;Thomastown
791;-37.8206741;145.1408716;Laburnum
792;-37.8683603;145.0797334;Alamein
793;-38.2288249;143.1507928;Camperdown
794;-37.6397026;142.5457227;Glenthompson
795;-36.3991764;145.3578627;Mooroopna
796;-36.7853379;145.1604601;Nagambie
797;-36.3279707;145.6855764;Dookie
798;-37.1027516;144.3334107;Elphinstone
799;-36.6147532;144.5048305;Goornong
800;-32.9742;138.8363729;Peterborough
801;-33.1838092;138.4834192;Caltowie
802;-33.2696734;138.3578751;Gladstone
803;-37.0223569;144.1500956;Muckleford
804;-37.395822;144.2249229;Bullarto
805;-37.3718242;144.1921717;Musk
806;-23.5827258;149.0698156;Bluff
807;-37.4835828;144.7452422;Clarkefield
808;-37.4649363;144.6799996;Riddells Creek
809;-23.084679;148.0222025;Capella
810;-38.1983703;146.5386953;Traralgon
811;-33.0012558;118.8279686;Buniche
812;-33.1005118;118.4622142;Lake Grace
813;-33.1092534;118.2359468;Tarin Rock
814;-33.3069751;117.5555513;Ballaying
815;-43.1283817;147.8540024;Bush Mill Station site (15"" gauge abandoned)"
816;-36.7071067;144.320888;Epsom
817;-38.0911408;145.6743633;Garfield
818;-37.8722432;144.6084185;Wyndham Vale
819;-31.995327;117.1637849;Mawson
820;-31.6336857;116.9904298;Meckering Siding
821;-22.8138309;149.8903119;Marlborough
822;-31.6386869;116.7811188;Grass Valley
823;-31.0133499;117.1116471;Ejanding
824;-30.8484064;117.0991395;Manmanning
825;-30.7671473;117.1358353;Cadoux
826;-30.5913545;117.171322;Kirwan
827;-33.9692716;150.858626;Edmondson Park
828;-30.4836497;117.2801089;Kulja
829;-30.535234;118.3649394;Bonnie Rock
830;-32.752112;118.6250067;Pingaring
831;-32.9520494;118.5360195;Kuender
832;-32.7809317;117.5000565;Wickepin
833;-37.8321522;144.69462;Tarneit
834;-32.5317416;117.0842527;Pingelly
835;-28.9392295;114.8017255;Walkaway
836;-28.8986958;115.8627587;Canna
837;-29.4412195;115.6290309;Arrino
838;-29.4415571;116.2859714;Perenjori
839;-29.320353;116.145398;Bowgada North
840;-28.0280329;153.4296737;Broadbeach North
841;-28.0354209;153.4310628;Broadbeach South
842;-27.9735149;153.41878;Broadwater Parklands
843;-28.001497;153.428369;Cavill Avenue
844;-27.9965164;153.4291636;Cypress Avenue
845;-28.0173372;153.4292759;Florida Gardens
846;-27.9633391;153.3846861;Griffith University
847;-27.9820587;153.4234697;Main Beach
848;-27.9706676;153.4085142;Nerang Street
849;-28.0100551;153.4294949;Northcliffe
850;-27.9701728;153.3944014;Queen Street
851;-27.9725398;153.4155438;Southport South
852;-27.9678395;153.4135619;Southport
853;-27.992619;153.4292567;Surfers Paradise North
854;-41.7297605;145.6239178;Tullah - Wee Georgie Wood
855;-41.1638023;146.3381504;Don Junction
856;-33.9067491;151.0243075;Yagoona
857;-37.9303959;145.4596473;Lakeside
858;-37.9265062;144.9890551;Brighton Beach
859;-23.4891259;144.5077798;Ilfracombe
860;-31.0006789;124.831668;Naretha
861;-20.3728333;118.5613731;Herb Elliott Port
862;-37.7660719;144.7355342;Caroline Springs
863;-32.924502;117.5242208;Nomans Lake
864;-32.9764062;117.7745235;Tincurrin
865;-33.1090883;151.4879121;Morisset
866;-41.0538687;145.9080481;Burnie
867;-28.0061229;153.4290694;Surfers Paradise
868;-32.9716719;151.6049101;Booragul
869;-33.0837216;151.5009464;Dora Creek
870;-32.962396;151.6036727;Teralba
871;-32.9426956;151.6237158;Cockle Creek
872;-32.1974184;118.3345288;South Kumminin
873;-32.8695932;117.9028842;Dudinin
874;-32.7869049;118.00164;Jitarning
875;-32.6733432;118.1537199;Kulin
876;-41.6593386;145.6049715;Boco Siding
877;-37.8287161;147.6273823;Bairnsdale
878;-32.9413898;151.6985472;Kotara
879;-38.0848875;145.6283668;Tynong
880;-33.7034849;151.0983925;Hornsby
881;-32.9017754;117.3746361;Yilliminning
882;-37.9504339;146.4495684;Walhalla
883;-38.1520189;145.1394271;Leawarra
884;-33.3822108;151.3699831;Lisarow
885;-27.2239132;153.0482973;Rothwell
886;-25.8707909;133.4159714;Kulgera
887;-34.8089696;148.9152741;Yass Junction
888;-27.6147798;152.74565;Thomas Street
889;-27.6136054;152.732754;Wulkuraka
890;-27.6044283;152.7091024;Karrabin
891;-27.6073451;152.6679831;Walloon
892;-27.6430592;152.5927934;Rosewood
893;-32.2675086;150.8905694;Muswellbrook
894;-32.7414231;151.5637511;High Street
895;-32.720522;151.4502162;Lochinvar
896;-29.7036238;152.9416765;Grafton City
897;-29.4733796;149.848227;Moree
898;-27.2816645;152.9809094;Lawnton
899;-32.5539573;148.9467264;Wellington
900;-32.5719487;151.1656131;Singleton
901;-34.8199884;138.4947938;Largs North
902;-33.9501572;150.9118445;Casula
903;-33.9229545;151.067336;Wiley Park
904;-23.8436703;133.8862857;Mount Ertwa
905;-33.8330942;151.0124059;Granville
906;-23.7778086;133.8680289;Macdonnell
907;-32.4718844;137.9363461;Saltia Siding
908;-32.4540797;137.9753006;Woolshed Flat
909;-32.4055821;137.97095;Old Willows
910;-31.8302444;138.1152818;Neuroodla
911;-27.5994539;152.8724921;Redbank
912;-37.8353952;145.0701111;Willison
913;-37.8440337;145.0755686;Hartwell
914;-32.3978912;148.8304871;Geurie
915;-36.0844316;146.9245636;Albury
916;-30.7035759;150.0400164;Boggabri
917;-33.8979176;151.1796131;Newtown
918;-33.8969053;151.1858923;Macdonaldtown
919;-35.0189494;138.5693022;Flinders
920;-37.7881653;144.9392767;Flemington Bridge
921;-37.781181;144.952321;Royal Park
922;-37.8651462;144.8135062;Westona
923;-37.8213782;145.0363494;Glenferrie
924;-37.8216549;145.0233187;Hawthorn
925;-38.22542;145.1763347;Somerville
926;-32.8290447;151.6842165;Hexham
927;-32.8721509;151.702704;Sandgate
928;-26.9690021;133.3701702;Chandler
929;-37.1709526;143.7063818;Talbot
930;-33.8412146;151.2074639;North Sydney
931;-27.1101997;152.9525866;Morayfield
932;-32.8508233;143.6253725;Darnick
933;-28.6418124;153.6112028;Byron Beach
934;-37.8900716;145.0420495;Glenhuntly
935;-32.7835223;151.639747;Thornton
936;-32.7989679;151.6579012;Beresfield
937;-32.7649344;151.6179135;Metford
938;-32.8870387;151.7098651;Warabrook
939;-37.8103686;144.9925215;North Richmond
940;-37.5791363;144.7279832;Sunbury
941;-38.1648496;145.9327109;Warragul
942;-38.1032274;147.0543994;Sale
943;-37.8076092;144.9423514;North Melbourne
944;-38.2158244;144.3061193;Waurn Ponds
945;-38.3851322;142.4753855;Warrnambool
946;-37.2823185;142.9372929;Ararat
947;-37.0511432;143.7425571;Maryborough
948;-36.1310629;144.7533;Echuca
949;-35.7329203;143.9243722;Kerang
950;-35.3415855;143.5624857;Swan Hill
951;-37.0923707;145.1028205;Tallarook
952;-34.7782445;138.4842946;Outer Harbor
953;-27.2255201;153.0816275;Kippa-Ring
954;-32.7234001;151.5398203;Telarah
955;-32.8091861;151.6698016;Tarro
956;-37.7125512;144.6040773;Cobblebank
957;-34.9210001;138.5967672;Adelaide
958;-33.7743672;150.9362605;Seven Hills
959;-37.644199;145.091988;Middle Gorge
960;-37.622657;145.0974101;Hawkstowe
961;-37.6025021;145.1009024;Mernda
962;-37.9584027;145.0488064;Southland
963;-27.9630509;153.3646515;Parkwood East
964;-27.9519232;153.3471401;Parkwood
965;-27.9259349;153.3392609;Helensvale
966;-33.6451901;115.3456908;Visitor Centre
967;-33.6441052;115.3447015;Roy Morris Platform
968;-33.63024;115.3386511;Bovell Platform
969;-37.8397773;145.0330974;Kooyong
970;-27.6099905;152.7749713;East Ipswich
971;-31.9502818;115.8929019;Perth Stadium
972;-31.93359;115.9497086;Redcliffe
973;-31.94396;115.9748744;Airport Central
974;-31.954628;115.9921995;High Wycombe
975;-37.7007808;144.7738093;Watergardens
976;-37.8257185;145.0683091;East Camberwell
977;-28.629415;153.5847032;North Beach
978;-33.9103059;151.1400503;Dulwich Hill
979;-33.9050316;151.1390454;Dulwich Grove
980;-33.9018878;151.1381029;Arlington
981;-33.8987942;151.1401465;Waratah Mills
982;-33.893838;151.1434089;Lewisham West
983;-33.874167;151.1650692;Lilyfield
984;-33.871873;151.1727216;Rozelle Bay
985;-33.8754286;151.1787216;Jubilee Park
986;-33.8772109;151.1874262;Glebe
987;-33.8743907;151.1940407;Wentworth Park
988;-33.8709375;151.1924379;Fish Market
989;-33.8674297;151.1920361;John Street Square
990;-33.8676611;151.1952923;The Star
991;-33.8694257;151.1975783;Pyrmont Bay
992;-33.8725775;151.1980698;Convention
993;-33.8772478;151.1996527;Exhibition Centre
994;-33.8793182;151.2027158;Paddy's Markets
995;-33.879824;151.2056809;Capitol Square
996;-33.8824082;151.2067234;Central
997;-31.8446249;115.9458199;Mussel Pool
998;-31.8345342;115.9442014;Village Junction
999;-28.7454562;114.8414478;Bringo
1000;-28.6953091;115.0422797;Eradu
1001;-28.6900071;115.1038184;Ambania
1002;-28.6176783;115.3757131;Tenindewa
1003;-28.6221484;115.3672254;Tenindewa
1004;-28.6776499;115.2164057;Nola
1005;-28.7750865;114.7745303;Grants
1006;-27.844328;114.6407907;Gelena Mine
1007;-32.5808618;121.5848647;Daniell
1008;-32.1927269;121.7815562;Norseman
1009;-31.7642111;121.7104061;Higginsville Siding
1010;-33.4803794;115.7298618;Boyanup
1011;-34.2413319;116.1470745;Manjimup
1012;-30.7744462;121.4285243;West Kalgoorlie
1013;-30.9107157;120.7990015;Stewart
1014;-30.8747608;120.5684506;Wallaroo
1015;-30.8260364;120.2977024;Mount Walton
1016;-30.8422743;120.2073622;Jaurdi
1017;-30.8526153;119.8830717;Darrine
1018;-30.8397136;119.6815189;Beckwith
1019;-30.8214848;119.545388;Koolyanobbing East
1020;-31.0033988;119.338935;Lake Julia
1021;-31.4849513;118.2498371;West Merredin
1022;-31.6083037;117.8815932;Doodlakine Town
1023;-31.6333359;117.7198689;Kellerberrin Town
1024;-31.6415505;116.627875;Avon Yard
1025;-31.5992626;116.2229119;Moondyne
1026;-31.7155164;116.0812245;Jumperkine
1027;-30.7294756;121.5031267;Parkeston
1028;-30.8482194;121.6583988;Golden Ridge
1029;-30.9129265;122.0123837;Curtin
1030;-30.9973648;122.8347643;Chifley
1031;-31.022514;123.1587048;Coonana
1032;-31.0315964;123.5696616;Zanthus
1033;-31.029439;124.1903744;Kitchener
1034;-31.0150898;124.4748159;Boonderoo
1035;-31.011979;125.7026897;Wilban
1036;-31.0048554;126.0916358;Haig
1037;-30.9850406;126.5447734;Nurina
1038;-30.8198519;128.4282225;Reid
1039;-30.7672092;128.9689292;Deakin
1040;-30.9027556;127.5294352;Mundrabilla
1041;-30.9141888;118.2074561;Mukinbudin
1042;-30.9957234;117.4513263;Cowcowing
1043;-31.6049788;118.5097708;Koonadgin
1044;-31.7507337;118.5607639;Muntadgin CBH
1045;-31.9013861;118.5267689;Wogarl
1046;-32.4506162;118.8634584;Hyden
1047;-32.4554548;118.8524878;Hyden CBH
1048;-32.4988462;118.7091218;Karlgarin
1049;-33.091964;119.023316;Newdegate
1050;-33.189405;118.0843817;Kukerin
1051;-33.2274601;117.9292773;Moulyinning
1052;-33.3114714;117.7285031;Dumbleyung CBH
1053;-29.4425024;151.851007;Deepwater
1054;-33.387877;116.2736301;Premier Mine
1055;-33.291729;116.0136373;Worsley Siding
1056;-31.8773859;118.1496233;Bruce Rock
1057;-32.3308001;117.8726589;Corrigin
1058;-29.9324036;115.2846219;Renison Goldfields Corporation
1059;-29.6831462;115.8777179;Carnamah CBH
1060;-30.0518341;116.0746201;Marchagee
1061;-30.298413;116.057895;Watheroo
1062;-29.1888063;116.7540783;Karara Mine
1063;-29.2172458;116.0083724;Morawa CBH
1064;-29.4564203;116.3088475;Mt Gibson Extension Hill Mine transfer
1065;-30.2516267;116.6695109;McLevie
1066;-30.3896115;116.6691732;Pithara
1067;-30.8931252;116.716302;Wongan Hills
1068;-31.0524464;116.775344;Konnongorring
1069;-31.4384765;116.723798;Jennacubbine
1070;-31.562841;116.6569845;Frenches
1071;-31.113377;117.9188374;Kununoppin
1072;-31.1137622;117.7958596;Trayning
1073;-31.1505916;117.0875836;Amery
1074;-34.7447171;150.8176836;Gerringong
1075;-30.6310014;116.3642709;Bindi Bindi
1076;-30.8391675;116.3874019;Piawaning
1077;-30.9223176;116.3894333;Yerecoin
1078;-31.0907574;116.4463412;Calingiri
1079;-31.2738375;116.5065553;Bolgart
1080;-31.6977739;118.1632486;Korbelka
1081;-32.0307696;118.0961391;Ardath
1082;-32.1710922;117.9840421;Ainsworth
1083;-32.4977408;117.7430769;Bullaring
1084;-32.5918704;117.6246124;Yealering
1085;-32.7826342;117.494731;Wickepin CBH
1086;-31.9026238;116.7737389;York CBH
1087;-32.1080149;116.9256676;Beverley
1088;-32.3685892;117.010187;Brookton
1089;-32.7401763;117.163218;Yornaning
1090;-32.8201777;117.1798939;Cuballing
1091;-33.8476099;117.6466374;Broomehill CBH
1092;-32.7384176;116.1395154;Etmilyn
1093;-33.3465336;115.7106162;Picton Junction
1094;-32.1147956;115.7971491;Cockburn North
1095;-35.2284994;149.14422;EPIC and Racecourse
1096;-35.1856325;149.1354427;Gungahlin Place
1097;-35.2601577;149.1321796;Macarthur Avenue
1098;-35.2658957;149.1312575;Ipima Street
1099;-35.1934334;149.1509706;Mapleton Avenue
1100;-35.1870026;149.1434127;Manning Clark North
1101;-35.2003817;149.1493346;Nullarbor Avenue
1102;-35.2779327;149.1293252;Alinga Street
1103;-35.2358185;149.1439087;Phillip Avenue
1104;-35.250558;149.133739;Dickson Interchange
1105;-35.2444676;149.1345618;Swinden Street
1106;-35.2726165;149.1301785;Elouera Street
1107;-35.20905;149.14735;Well Station Drive
1108;-28.973085;134.3751025;Manguri
1109;-37.859082;145.0580273;Glen Iris
1110;-32.7116757;116.0628189;Dwellingup
1111;-33.7974806;151.180939;Chatswood
1112;-33.7728628;151.0820902;Epping
1113;-32.9274885;151.7863538;Newcastle Beach
1114;-32.9263556;151.7815648;Queens Wharf
1115;-32.926405;151.777208;Crown Street
1116;-32.9270051;151.7718628;Civic
1117;-32.9264728;151.7657828;Honeysuckle
1118;-33.8159137;151.0900998;Meadowbank
1119;-33.9171961;151.0887104;Belmore
1120;-33.7843685;151.1775506;Roseville
1121;-33.7756095;151.1692144;Lindfield
1122;-33.8832296;151.1155955;Croydon
1123;-33.8590236;151.0881331;North Strathfield
1124;-33.9231912;151.1872655;Mascot
1125;-33.9475765;151.0702555;Narwee
1126;-33.9543358;150.9978399;Panania
1127;-33.9618532;150.9846273;East Hills
1128;-22.9195583;118.9780866;Ore loading facility
1129;-33.9147428;151.1661069;Sydenham
1130;-33.9375479;151.1134896;Bexley North
1131;-33.9490787;151.0810471;Beverly Hills
1132;-33.8678177;151.210759;Martin Place
1133;-38.1109955;145.7668104;Longwarry
1134;-33.9201175;151.0758653;Lakemba
1135;-33.9245421;150.9276398;Liverpool
1136;-33.8233375;151.0076541;Harris Park
1137;-33.8084959;150.9880176;Westmead
1138;-33.8668117;151.0864608;Homebush
1139;-33.894501;151.1639086;Stanmore
1140;-33.8933685;151.1476275;Lewisham
1141;-34.0476621;151.1440873;Woolooware
1142;-34.0415962;151.1227396;Caringbah
1143;-34.0348927;151.0855146;Gymea
1144;-34.0557283;151.1514553;Cronulla
1145;-33.9453399;151.140407;Banksia
1146;-33.9518729;151.1368534;Rockdale
1147;-33.936435;151.1473489;Arncliffe
1148;-33.9805174;151.0790256;Oatley
1149;-34.015952;151.06463;Jannali
1150;-34.0316252;151.0572738;Sutherland
1151;-33.7499883;150.696094;Penrith
1152;-33.6719686;151.1145291;Mount Colah
1153;-33.7447018;151.1419726;Pymble
1154;-33.8719154;151.0322942;Berala
1155;-33.8828393;151.0242784;Regents Park
1156;-33.8808812;150.9761642;Villawood
1157;-33.917844;151.0346402;Bankstown
1158;-33.9105708;151.1026511;Campsie
1159;-33.9119882;151.1186885;Canterbury
1160;-33.9110089;151.140913;Dulwich Hill
1161;-33.9009517;151.1852676;Erskineville
1162;-17.3855195;145.3849919;Herberton
1163;-32.6697236;118.1569033;Kulin
1164;-32.0656404;118.396968;Narembeen
1165;-32.4950258;118.2688502;Kondinin
1166;-35.028147;117.8859943;Albany
1167;-31.1808638;117.3808458;Wyalkatchem
1168;-34.6275705;117.6634132;Mount Barker
1169;-33.3150919;117.7392609;Dumbleyung
1170;-31.3511396;115.9047918;Gingin
1171;-30.2771106;116.6633194;Dalwallinu
1172;-29.1898423;115.4442333;Mingenew
1173;-29.5340906;115.7634238;Three Springs
1174;-17.6727773;141.0721966;Normanton
1175;-18.2025321;142.2393224;Croydon
1176;-18.5868972;143.6026968;Forsayth
1177;-27.4750958;153.0184576;South Brisbane
1178;-23.6974204;133.8734118;Alice Springs
1179;-37.8966425;145.0041759;Gardenvale
1180;-37.8758915;144.9952063;Ripponlea
1181;-37.9381127;145.0014764;Hampton
1182;-36.186326;146.4704826;Springhurst
1183;-41.430663;147.1602695;East Tamar
1184;-41.555095;147.2171627;Western Junction
1185;-36.3552044;146.316922;Wangaratta
1186;-37.7640557;144.997055;Croxton
1187;-37.7549944;144.9985944;Thornbury
1188;-37.7283879;145.0027776;Regent
1189;-37.7459379;145.0002687;Bell
1190;-37.7078998;145.009451;Ruthven
1191;-27.4472974;153.1274944;Hemmant
1192;-38.1442691;144.355077;Geelong
1193;-35.0092044;138.5672917;Tonsley
1194;-30.6439767;151.5049437;Uralla
1195;-30.9413783;151.4023089;Walcha Road
1196;-33.5242441;149.9075757;Tarana
1197;-33.5272109;149.254396;Blayney
1198;-28.8611701;153.0382633;Casino
1199;-27.2464127;153.0275618;Mango Hill
1200;-34.3112667;148.2969244;Young
1201;-27.455896;153.0339375;Fortitude Valley
1202;-27.4658449;153.0258422;Central
1203;-32.2186707;116.0075485;Byford Station (Planned)
1204;-27.4153654;153.0496018;Eagle Junction
1205;-32.924157;151.7594265;Newcastle Interchange
1206;-37.7439516;144.9269287;Strathmore
1207;-35.2218313;149.1446394;Sandford Street
1208;-27.5986622;152.7597624;The Workshops Rail Museum
1209;-38.0535931;145.1167863;Chelsea
1210;-38.4774932;145.9479651;Leongatha
1211;-37.7954517;145.2804445;Croydon
1212;-36.3838495;145.406085;Shepparton
1213;-37.9080623;145.3429395;Tecoma
1214;-27.9608378;153.3808845;Gold Coast University Hospital
1215;-27.3856545;153.1184918;Domestic Airport
1216;-36.5872825;145.0210111;Rushworth
1217;-35.1403105;138.4922784;Noarlunga Centre
1218;-37.8689803;145.0629689;Darling
1219;-28.2178853;152.0408282;Warwick
1220;-27.4649808;153.0183535;Roma Street
1221;-36.2365171;149.1352673;Cooma
1222;-27.4221958;153.062666;Hendra
1223;-27.4294945;153.0633293;Ascot
1224;-27.4940051;153.2187802;Birkdale
1225;-27.6317918;153.0978736;Trinder Park
1226;-34.2910963;150.580115;Bargo
1227;-36.544749;145.9837177;Benalla
1228;-38.0997308;145.2807256;Cranbourne
1229;-38.080451;145.4863646;Pakenham
1230;-38.0365046;145.1075721;Edithvale
1231;-36.6663912;144.3682581;Huntly
1232;-32.4736812;115.7705224;Lakelands Station
1233;-38.2597861;145.1862289;Tyabb Station
1234;-36.5341923;144.2013902;Raywood
1236;-32.6866741;151.3841142;Greta
1237;-22.9205564;118.9783601;Ore loading facility
1238;-16.4848617;145.4611592;Marina
1239;-37.9042587;145.0394811;Ormond
1240;-31.951428;115.8604156;Perth
1241;-32.1549359;115.85795;Aubin Grove
1242;-27.4861066;153.1927309;Thorneside
1243;-32.0664255;115.8504737;Murdoch
1244;-31.9151316;115.8231889;Glendalough
1245;-31.6356944;115.7003262;Butler
1246;-31.7249406;115.7505595;Currambine
1247;-23.8885013;151.2771633;Parana
1248;-27.4653182;153.0886074;Cannon Hill
1249;-27.4647432;153.1057114;Murarrie
1250;-27.4372801;153.1588069;Wynnum North
1251;-27.4419782;153.1448245;Lindum
1252;-26.5608981;152.9581626;Yandina
1253;-27.4689172;153.0052289;Milton
1254;-27.4931369;152.9816742;Taringa
1255;-27.5028297;152.9758788;Indooroopilly
1256;-27.6742788;152.9027496;Springfield Central
1257;-27.7174025;153.2044387;Beenleigh
1258;-27.7991852;153.2824294;Ormeau
1259;-27.8523611;153.3170517;Coomera
1260;-27.9254255;153.3389897;Helensvale
1261;-27.994108;153.3500265;Nerang
1262;-28.0712214;153.3779723;Robina
1263;-28.0971316;153.3992325;Varsity Lakes
1264;-33.5350232;118.5098224;Pingrup (Historical)
1265;-34.2836398;146.5718943;Barellan Railway Station
